quantity,value
mean,150.85946878619902
bootstrap_error,0.0058528792206243825
blocking_final_error,0.043048370252826096
